{"cameraMode":{"drawMode":0,"name":"Shaded","section":"Shading Mode"},"sceneLighting":true,"audioPlay":false,"sceneViewState":{"m_AlwaysRefresh":false,"showFog":true,"showSkybox":true,"showFlares":true,"showImageEffects":true,"showParticleSystems":true,"showVisualEffectGraphs":true,"m_FxEnabled":true},"in2DMode":false,"pivot":{"x":8.242284774780274,"y":4.362295150756836,"z":-23.68338966369629},"rotation":{"x":-0.04378897696733475,"y":-0.015021863393485546,"z":0.0006553127896040678,"w":-0.9989197850227356},"size":0.6495219469070435,"orthographic":false}