{"cameraMode":{"drawMode":0,"name":"Shaded","section":"Shading Mode"},"sceneLighting":true,"audioPlay":false,"sceneViewState":{"m_AlwaysRefresh":false,"showFog":true,"showSkybox":true,"showFlares":true,"showImageEffects":true,"showParticleSystems":true,"showVisualEffectGraphs":true,"m_FxEnabled":true},"in2DMode":false,"pivot":{"x":-12.249091148376465,"y":5.948064804077148,"z":-38.70856475830078},"rotation":{"x":-0.12172181159257889,"y":-0.14244869351387025,"z":0.01765122264623642,"w":-0.9821221232414246},"size":0.6495219469070435,"orthographic":false}